GEOID,population,white,black,hisp,ai,income,income.se,college,college.se,insurance,insurance.se
55079012200,2168,19.695571955719558,36.43911439114391,6.180811808118081,0,25368,4355.015197568389,17.9,3.708206686930091,89.1,2.3100303951367778
55079013600,2177,16.674322462103813,71.1070280202113,9.32475884244373,0.2756086357372531,16063,1168.9969604863222,11.3,2.492401215805471,91.5,2.917933130699088
55079016000,2969,16.13337824183227,11.519029976423038,61.83900303132368,0,26979,10179.331306990882,6.4,2.613981762917933,88.4,3.6474164133738602
55079017300,4404,18.732970027247955,1.430517711171662,77.61126248864669,0.20435967302452315,44835,5355.623100303951,6.2,1.7021276595744679,70.8,3.5866261398176293
55079000102,3468,24.22145328719723,59.746251441753174,8.362168396770473,0.461361014994233,40455,3852.887537993921,21.8,2.9787234042553195,96.7,1.033434650455927
55079000301,1485,78.18181818181819,12.929292929292929,4.511784511784512,0,70769,4146.504559270516,32.5,3.525835866261398,98.4,0.729483282674772
55079000501,3861,38.40973840973841,47.863247863247864,8.003108003108004,0,53836,1534.954407294833,16.6,3.3434650455927053,94.9,1.519756838905775
55079001400,2483,11.39750302053967,57.75271848570278,2.2956101490132905,0.5235602094240838,39359,3048.0243161094227,13.2,2.370820668693009,94.1,2.188449848024316
55079002900,2295,7.233115468409586,78.43137254901961,9.411764705882353,0.39215686274509803,24366,4313.677811550152,13,3.829787234042553,95.3,2.3100303951367778
55079003900,2890,5.051903114186851,85.57093425605537,6.8166089965397925,0.31141868512110726,32109,3447.41641337386,15.8,3.4042553191489358,93.5,1.762917933130699
55079005400,3677,71.82485722056023,17.05194451998912,3.753059559423443,0.054392167527875984,51304,3107.598784194529,38.8,3.2826747720364744,95,1.2765957446808511
55079006700,1347,4.7512991833704525,86.56273199703044,1.2620638455827766,1.3363028953229399,25139,3965.9574468085107,14.6,6.200607902735562,97.2,1.762917933130699
55079007900,2138,76.19270346117867,9.21421889616464,8.840037418147801,0,47450,6519.756838905775,52.6,3.708206686930091,88.2,2.796352583586626
55079008000,1906,53.67261280167891,31.584470094438615,4.512067156348373,0,36473,4172.036474164133,38.7,3.708206686930091,86.3,2.6747720364741645
55079009500,2113,69.38002839564601,20.208234737340273,7.572172266919073,0,67875,5551.367781155015,56.5,4.133738601823708,93.7,1.519756838905775
55079010600,1361,29.684055841293166,42.39529757531227,20.279206465833944,0,39688,11347.72036474164,24.7,5.349544072948329,86.9,4.25531914893617
55079018700,3461,22.305691996532794,4.2473273620340946,66.6570355388616,0,28247,2514.8936170212764,3.6,1.580547112462006,79.1,4.194528875379939
55079020000,3448,38.71809744779582,11.455916473317865,36.10788863109049,1.8561484918793503,26188,4195.744680851064,16.3,3.3434650455927053,89.6,2.3100303951367778
55079021300,1749,48.65637507146941,16.23785020011435,25.32875929102344,0.34305317324185247,37857,3556.838905775076,17.7,3.768996960486322,83.2,3.4042553191489358
55079090100,4289,80.55490790394032,11.704359990673817,2.1217066915364886,2.774539519701562,65208,4024.9240121580547,44.3,2.9787234042553195,98,0.8510638297872339
55079100400,2746,77.74945375091042,6.882738528769119,13.000728332119447,1.056081573197378,42029,2489.3617021276596,27.4,3.465045592705167,94.7,1.9452887537993921
55079101700,3364,76.04042806183115,3.7752675386444707,14.74435196195006,1.070154577883472,61111,5186.018237082067,24.6,3.221884498480243,97.6,1.21580547112462
55079130200,2880,84.0625,2.7083333333333335,8.333333333333334,0,77557,5885.106382978724,31.4,3.4042553191489358,98.3,0.6686930091185411
55079170500,2501,86.76529388244703,3.9184326269492202,7.397041183526589,0,44421,2367.173252279635,15.4,2.9787234042553195,93.6,2.917933130699088
55079185600,1611,26.877715704531347,62.07324643078833,4.158907510862818,0.8690254500310366,24323,10731.30699088146,34.2,5.47112462006079,95.7,1.7021276595744679
55079186600,2206,30.779691749773345,8.83952855847688,60.0634632819583,0.04533091568449683,36667,8287.537993920972,10.6,3.3434650455927053,79.7,5.592705167173252
55079187300,6800,82.13235294117646,0.47058823529411764,5,0.8235294117647058,102827,3672.3404255319147,42.3,3.5866261398176293,95.8,2.613981762917933
55079020500,2939,22.8989452194624,0.03402517863218782,68.79891119428378,0.8506294658046955,37946,4186.626139817629,11,2.188449848024316,80.4,2.857142857142857
55079120201,3796,84.536354056902,3.0821917808219177,6.4278187565858795,0.5268703898840885,46250,2427.963525835866,21.7,2.43161094224924,96.3,0.9118541033434651
55079000101,4476,23.39142091152815,64.32082216264521,8.623771224307417,0,32645,9479.635258358663,31.5,4.6200607902735555,97.5,1.2765957446808511
55079000202,6439,41.20205000776518,45.59714241341823,5.528808821245535,0.9628824351607392,60604,4808.510638297872,28,4.072948328267477,91.9,2.066869300911854
55079012700,1230,83.17073170731707,3.008130081300813,10.731707317073171,0,61932,6403.039513677812,46.7,6.139817629179331,98.5,0.729483282674772
55079007100,1998,66.46646646646647,13.463463463463464,11.16116116116116,0,48600,4998.176291793313,45.4,4.5592705167173255,94,1.519756838905775
55079007500,2742,85.44857768052516,4.303428154631655,4.3763676148796495,0,96016,17514.893617021276,84.9,3.465045592705167,98.6,0.60790273556231
55079008100,1238,18.25525040387722,55.896607431340875,18.982229402261712,2.7463651050080777,25375,4824.316109422492,9.5,3.829787234042553,88.3,5.227963525835866
55079008700,1189,0.42052144659377627,99.57947855340622,0,0,16442,5804.255319148936,12.2,4.984802431610942,95.3,2.613981762917933
55079000400,2675,29.570093457943926,57.42056074766355,6.654205607476635,0,29059,2024.9240121580547,15.5,5.531914893617021,90.8,3.2826747720364744
55079001200,3122,5.6694426649583605,72.03715566944267,1.345291479820628,0,26517,2775.6838905775076,6.4,1.2765957446808511,91.2,1.6413373860182372
55079001800,3049,15.480485405050837,64.87372909150541,13.97179403082978,0,37179,4277.811550151976,10.2,2.9787234042553195,81.9,4.012158054711246
55079002700,1961,7.751147373788883,91.22896481387048,0,0.3059663437021928,26157,5441.945288753799,10.1,2.796352583586626,91.6,4.376899696048632
55079003200,2711,12.725931390630764,68.12984138694209,3.83622279601623,0.33198081888601993,47159,3259.574468085106,17.5,3.2826747720364744,90,3.3434650455927053
55079003700,2424,19.843234323432345,66.00660066006601,4.249174917491749,0.16501650165016502,42071,8408.510638297872,24.2,3.6474164133738602,90.7,3.100303951367781
55079004500,2118,0.8970727101038716,87.48819641170915,7.412653446647781,0,23333,3606.079027355623,5,1.580547112462006,88.2,3.3434650455927053
55079005000,5387,23.630963430480787,61.66697605346204,7.10970855763876,0,48702,4057.7507598784196,26.8,2.6747720364741645,93.1,1.458966565349544
55079005800,3582,58.6823003908431,33.50083752093802,1.6750418760469012,0,62727,10020.060790273556,46.2,3.951367781155015,93.5,1.884498480243161
55079014300,2408,80.35714285714286,7.267441860465116,3.862126245847176,0,52500,11347.112462006078,69.5,3.829787234042553,97,1.21580547112462
55079015700,3116,14.313222079589217,9.403080872913993,74.39024390243902,0.7702182284980744,26050,3885.714285714286,8.4,2.43161094224924,78.6,3.8905775075987843
55079018400,1380,85.72463768115942,0,12.101449275362318,0,61106,4128.87537993921,40,4.437689969604863,95.4,2.006079027355623
55079018900,1943,36.33556356150283,2.779207411219763,58.77509006690685,0,57039,6969.604863221884,15.1,6.261398176291793,80,7.112462006079027
55079019600,3436,80.55878928987194,4.889406286379511,10.884749708963911,0,51587,3158.0547112462004,19.3,3.2826747720364744,96.1,1.458966565349544
55079020200,3626,46.85603971318257,2.0132377275234417,36.67953667953668,0.27578599007170435,53804,3205.471124620061,16.3,3.525835866261398,83.6,3.951367781155015
55079180200,5187,77.98342008868325,3.1424715635241953,18.12222864854444,0,44954,7326.44376899696,22.8,3.4042553191489358,91.3,3.951367781155015
55079180500,4534,85.35509483899426,2.5363917071018967,7.543008381120424,1.0145566828407586,58532,4158.054711246201,19.8,4.012158054711246,93.2,2.613981762917933
55079185700,1877,3.462972828982419,82.25892381459776,6.393180607352158,0,21347,3574.468085106383,13.9,3.465045592705167,93.6,3.465045592705167
55079140202,5937,92.21829206670036,2.2065016001347484,2.3749368367862558,0.9263938015832912,86504,5503.343465045593,38.7,4.316109422492401,97.3,1.3373860182370823
55079160204,5452,72.89068231841526,6.2179016874541455,5.24578136463683,0,59831,5425.531914893617,43,4.5592705167173255,93.3,2.3100303951367778
55079170200,3981,80.38181361466968,4.0944486309972365,11.956794775182114,0,41322,4484.498480243161,23.1,3.221884498480243,93.7,1.9452887537993921
55079020900,2709,80.06644518272425,0.7382798080472499,14.950166112956811,0.5167958656330749,59575,3907.598784194529,34.5,4.012158054711246,93.6,2.9787234042553195
55079021600,4798,62.04668611921634,0.3334722801167153,21.92580241767403,0,49286,10618.844984802432,13.7,2.188449848024316,91.9,2.3100303951367778
55079060102,3098,78.37314396384764,11.491284699806327,5.519690122659781,0.38734667527437056,87983,6263.22188449848,62.8,3.768996960486322,98.4,0.8510638297872339
55079080100,2700,84.55555555555556,5.7407407407407405,3.074074074074074,0,71393,2231.61094224924,68.7,4.25531914893617,94.3,2.006079027355623
55079090300,3350,71.85074626865672,5.731343283582089,7.731343283582089,1.2537313432835822,61923,4482.066869300912,52.1,3.768996960486322,96.3,1.458966565349544
55079016200,3420,19.53216374269006,3.128654970760234,70.35087719298245,1.0526315789473684,36437,3883.8905775075987,18.5,4.437689969604863,80.5,4.984802431610942
55079016700,3235,9.984544049459041,16.16692426584235,67.57341576506956,2.5038639876352398,27147,6245.592705167173,6.1,2.066869300911854,74.5,4.376899696048632
55079017400,2866,14.340544312630845,8.548499651081647,67.4808094905792,0,24925,2503.343465045593,3.4,1.2765957446808511,74.5,3.465045592705167
55079091400,2377,84.30795119899032,3.155237694572991,3.912494741270509,1.2200252419015565,87381,4764.741641337386,55.1,4.25531914893617,95.1,1.21580547112462
55079100600,2146,85.36812674743709,2.60950605778192,7.269338303821063,0,45854,2220.6686930091187,14.8,2.735562310030395,91.7,2.188449848024316
55079101100,1782,83.22109988776656,4.7699214365881035,7.18294051627385,0.1122334455667789,51425,2423.70820668693,24.5,3.951367781155015,94.8,2.066869300911854
55079101800,2582,80.13168086754455,7.939581719597212,3.7567776917118514,4.686289697908598,53324,3897.26443768997,16.1,3.3434650455927053,92.9,2.3100303951367778
55079001900,3074,12.719583604424203,81.1971372804164,0,0,39531,5251.063829787234,12.7,3.768996960486322,95.4,2.066869300911854
55079004900,4522,15.30296329057939,73.28615656789032,7.762052189296772,0,38274,3827.355623100304,23.4,3.03951367781155,93.6,1.8237082066869301
55079006200,2685,2.4208566108007448,95.8659217877095,0.37243947858473,0.6703910614525139,30313,3914.285714285714,9.6,2.188449848024316,95,1.458966565349544
55079011100,1703,84.14562536699941,4.932472108044627,1.3505578391074575,0,45694,1953.7993920972644,74.1,3.03951367781155,91.4,1.762917933130699
55079014100,1641,13.406459475929312,79.70749542961609,5.301645338208409,0.18281535648994515,17273,4167.173252279636,16.4,2.9787234042553195,93.8,2.066869300911854
55079186200,1533,3.5877364644487932,87.99739073711676,5.283757338551859,0,18821,2601.2158054711244,8.4,3.525835866261398,93.6,1.9452887537993921
55079100500,3625,72.46896551724137,5.020689655172414,14.179310344827586,1.3241379310344827,38701,4644.376899696049,29.8,3.708206686930091,88,2.43161094224924
55079003800,2313,7.003891050583658,85.68958063121487,5.663640293990489,0.17293558149589278,32750,5332.522796352583,19.2,3.221884498480243,92.4,2.370820668693009
55079012800,3084,76.10246433203632,6.744487678339818,9.857328145265889,0.1621271076523995,49891,5151.975683890578,37.9,4.680851063829787,98,1.033434650455927
55079005900,3697,20.827698133621855,63.67324857992967,11.955639707871248,0.24344062753583987,37341,6679.0273556231,16.9,3.525835866261398,94.3,1.6413373860182372
55079012400,2456,54.193811074918564,24.79641693811075,4.397394136807818,1.221498371335505,44620,7666.261398176292,38.1,4.6200607902735555,93,3.6474164133738602
55079009300,2600,47.69230769230769,37.5,5.3076923076923075,0,60944,1635.258358662614,40,3.829787234042553,96.7,1.519756838905775
55079017500,3731,6.486196730099169,15.411417850442241,72.52747252747253,0.5896542481908336,26154,6524.012158054711,5.6,2.188449848024316,80.3,3.708206686930091
55079000700,3653,24.746783465644675,60.66246920339447,5.44757733369833,0,46016,5646.200607902735,19.6,3.708206686930091,90.6,3.768996960486322
55079002500,2135,6.744730679156909,79.4847775175644,6.416861826697892,0.6088992974238876,32162,4266.261398176292,9.1,2.796352583586626,95,2.492401215805471
55079005600,2260,81.41592920353982,4.20353982300885,5.79646017699115,0.22123893805309736,70724,3913.06990881459,52.4,3.708206686930091,95.7,1.398176291793313
55079008800,1762,1.0783200908059023,95.9704880817253,0.5107832009080591,0.28376844494892167,18160,1214.5896656534953,6.4,2.857142857142857,94,2.735562310030395
55079000303,1888,32.57415254237288,50.42372881355932,5.985169491525424,0.9533898305084746,55227,5645.592705167173,13.7,2.6747720364741645,87.9,3.465045592705167
55079003600,2084,7.389635316698657,82.24568138195778,7.053742802303263,1.6314779270633397,33714,4203.647416413374,18.8,3.8905775075987843,92.2,2.370820668693009
55079008900,1236,5.9870550161812295,81.71521035598705,4.207119741100324,0,23125,4057.7507598784196,8.3,3.768996960486322,92.6,2.492401215805471
55079011200,2297,74.88027862429256,10.013060513713539,7.488027862429256,0,55057,6606.686930091186,57.7,4.924012158054711,90.2,2.613981762917933
55079019500,3444,84.81416957026713,0.05807200929152149,10.336817653890824,0.2032520325203252,69071,5712.462006079028,21.6,3.768996960486322,96.5,1.1550151975683889
55079120101,4158,79.96632996632997,2.3328523328523327,4.761904761904762,1.4670514670514672,69833,4165.349544072948,41.2,3.161094224924012,96.3,1.21580547112462
55079186300,3811,46.1033849383364,41.327735502492786,6.612437680398846,0.20991865652059827,63036,7827.355623100304,30.6,3.100303951367781,92.6,2.3100303951367778
55079170400,3093,86.67959909473004,3.103782735208535,6.175234400258649,1.2285806660200453,73586,5605.47112462006,22.7,3.100303951367781,97.4,1.1550151975683889
55079150303,4770,90.12578616352201,1.4046121593291405,1.4884696016771488,0.6918238993710691,74057,5873.556231003039,42.8,3.6474164133738602,96.4,1.8237082066869301
55079016900,3575,16.95104895104895,2.5454545454545454,77.73426573426573,2.4055944055944054,21622,2948.3282674772036,1.1,1.033434650455927,67.6,6.382978723404255
55079021100,1454,80.81155433287483,0,14.236588720770289,0.4126547455295736,56712,4859.574468085107,27,4.133738601823708,95.3,1.6413373860182372
55079080200,3598,88.35464146748194,2.028904947192885,3.3907726514730405,0.3057254030016676,69464,6339.817629179332,66.6,3.6474164133738602,95.4,1.6413373860182372
55079090600,4605,80.71661237785017,6.3409337676438655,5.12486427795874,0,68603,8449.240121580548,49.4,4.437689969604863,97.3,1.1550151975683889
55079090800,2345,92.45202558635394,1.9189765458422174,0.3837953091684435,0,106875,16149.544072948329,73.9,3.6474164133738602,96.2,1.884498480243161
55079091300,3772,92.44432661717921,0.10604453870625663,2.9692470837751856,0,103235,8170.820668693009,65.1,4.012158054711246,97.4,0.9726443768996961
55079100700,3225,77.82945736434108,1.0852713178294573,14.976744186046512,1.7054263565891472,61808,2730.091185410334,19.8,3.525835866261398,90.5,4.376899696048632
55079101200,3184,90.64070351758794,1.9472361809045227,6.501256281407035,0.3454773869346734,50136,3216.413373860182,21.5,3.4042553191489358,95.7,1.580547112462006
55079101400,3926,78.42587875700458,6.189505858380031,11.538461538461538,1.4518593988792665,45597,2089.969604863222,24.9,3.465045592705167,93.1,2.188449848024316
55079120300,2183,70.6825469537334,3.0233623453962437,22.44617498854787,0,60240,4763.525835866261,28.3,3.5866261398176293,94.9,1.884498480243161
55079120501,4374,78.78372199359853,4.183813443072703,6.675811614083219,0,66918,3801.823708206687,35,3.3434650455927053,95.3,1.580547112462006
55079140201,5235,87.73638968481376,0.8213944603629417,6.112702960840497,0,60669,9792.09726443769,37.9,3.465045592705167,96.4,1.398176291793313
55079160203,6442,75.93914933250544,5.852219807513195,8.537721204594847,0.388078236572493,69278,4624.316109422492,36,3.708206686930091,94.7,2.127659574468085
55079160300,10218,85.05578391074575,2.0551967116852614,7.095321980818164,0.6948522215697788,110625,2534.954407294833,37.7,2.6747720364741645,97.1,0.9726443768996961
55079180100,2839,83.72666431842198,0,10.884114124691793,0.5988023952095808,59922,3498.480243161094,29,3.768996960486322,92.8,2.127659574468085
55079180300,3258,76.64211172498466,3.8060159607120934,12.829957028852057,0.6752608962553714,43576,3641.337386018237,19.1,3.8905775075987843,96.5,1.21580547112462
55079185800,1615,0.804953560371517,89.16408668730651,6.191950464396285,0,39405,6178.115501519756,13.4,3.951367781155015,93.3,2.613981762917933
55079001100,2225,15.191011235955056,76.98876404494382,4.269662921348314,0,29211,5016.413373860182,19.8,4.680851063829787,87,3.708206686930091
55079001600,3089,9.9384914211719,77.37131757850437,5.697636775655552,0,37014,3604.863221884498,9.9,4.012158054711246,95,1.8237082066869301
55079002400,2491,9.67482938578884,81.97511039743075,4.576475311120032,0.04014452027298274,27254,2573.8601823708204,9.4,2.492401215805471,87.1,2.5531914893617023
55079000900,3356,18.65315852205006,69.69606674612633,6.2276519666269365,0,37401,2973.252279635258,15.3,2.796352583586626,89.8,4.133738601823708
55079013300,1017,34.21828908554572,35.59488692232055,16.420845624385446,0,32277,2790.8814589665653,19.4,6.382978723404255,89,2.735562310030395
55079002600,2961,3.6474164133738602,92.19858156028369,3.005741303613644,0.43904086457277947,29637,6108.814589665653,10,3.2826747720364744,91.4,3.2826747720364744
55079003100,4121,9.02693520990051,69.10943945644262,8.638679932055327,0.5095850521718029,47586,6442.553191489362,19.2,3.465045592705167,87.6,2.796352583586626
55079004200,3677,1.7405493608920315,93.09219472395975,2.1212945335871636,0,25331,2289.969604863222,8.3,2.735562310030395,85.7,3.5866261398176293
55079004400,3124,20.550576184379,70.45454545454545,3.265044814340589,0.2880921895006402,30362,1887.5379939209727,14.8,2.917933130699088,86.7,3.3434650455927053
55079187200,5669,61.80984300582113,25.56006350326336,6.861880402187334,0.24695713529723054,90271,5034.650455927052,30.4,2.613981762917933,98.6,0.8510638297872339
55079186000,1499,11.541027351567712,79.51967978652435,3.402268178785857,1.33422281521014,13590,2415.197568389058,17.3,3.525835866261398,91.4,3.2826747720364744
55079014600,3666,66.93944353518822,14.92089470812875,6.73758865248227,0.7092198581560284,12759,3959.8784194528876,29.9,8.814589665653495,94.2,1.458966565349544
55079014800,2087,41.30330618112123,28.078581696214663,16.14758025874461,3.306181121226641,19699,1544.6808510638298,26.4,9.118541033434651,88.2,3.829787234042553
55079016500,2121,19.377652050919377,3.0645921735030646,76.001885902876,0.47147571900047147,23831,5096.048632218845,10.9,2.9787234042553195,79.5,4.133738601823708
55079016800,3499,6.801943412403544,13.518148042297799,79.50843098028008,0,29732,2634.6504559270516,2.1,1.094224924012158,70.8,4.25531914893617
55079017000,5492,26.16533139111435,7.1558630735615445,62.65477057538237,0.5644573925710124,31354,3043.161094224924,8.1,2.6747720364741645,83.3,4.984802431610942
55079018200,1635,91.43730886850153,0.42813455657492355,5.81039755351682,0,80278,7992.09726443769,64.4,3.525835866261398,96.8,1.458966565349544
55079018500,1976,63.71457489878542,0.7591093117408907,29.402834008097166,0.5060728744939271,60096,8918.54103343465,21.4,3.221884498480243,94.2,2.2492401215805473
55079019300,3213,65.70183629007158,3.3924680983504514,19.203236850295674,0.3112356053532524,63125,6312.462006079028,22.3,3.5866261398176293,96.9,1.1550151975683889
55079019800,5726,59.13377575969263,5.780649668180231,25.183374083129586,0,52378,4909.422492401216,16.7,2.796352583586626,91.7,2.735562310030395
55079020300,4028,46.25124131082423,0.24826216484607747,45.059582919563056,0,52226,5696.656534954407,16.8,3.525835866261398,92.6,1.762917933130699
55079020800,3227,86.89185001549427,0.7437248218159281,7.685156492097923,0.37186241090796407,68503,1734.3465045592704,50.1,3.8905775075987843,94,1.7021276595744679
55079021500,3016,74.86737400530504,2.420424403183024,10.643236074270558,0.1989389920424403,65809,5125.835866261398,26.8,4.012158054711246,93.2,1.884498480243161
55079009800,1616,1.2995049504950495,77.5371287128713,1.4232673267326732,0,22054,4257.75075987842,5.1,2.006079027355623,91.1,2.5531914893617023
55079010700,2424,64.10891089108911,14.48019801980198,20.04950495049505,0,56217,7390.881458966565,52.9,5.167173252279635,93.6,1.7021276595744679
55079010800,2584,79.21826625386997,8.6687306501548,4.527863777089784,0,45227,4426.13981762918,65.6,3.8905775075987843,89,3.03951367781155
55079011300,2321,80.26712623869022,10.03877638948729,3.576044808272296,0.17233950883239982,48571,15583.586626139817,70.4,3.221884498480243,97.2,1.1550151975683889
55079011400,1485,80.74074074074075,12.996632996632997,4.713804713804714,0,74856,14898.480243161093,73.5,3.8905775075987843,95.3,1.884498480243161
55079012600,2439,87.12587125871259,6.765067650676507,4.018040180401804,0,52743,2987.2340425531916,41.8,5.227963525835866,93.8,2.066869300911854
55079035100,2269,89.24636403702071,1.630674305861613,2.0273248126928163,0,152560,9375.683890577508,84.4,2.613981762917933,99.4,0.303951367781155
55079050101,5608,64.53281027104137,21.77246790299572,3.8873038516405134,0.01783166904422254,68231,4040.1215805471124,40,3.768996960486322,96.5,1.21580547112462
55079060101,4019,73.6252799203782,14.157750684249814,3.607862652401095,0.24881811395869619,76156,8499.088145896656,59.2,3.768996960486322,97.2,1.6413373860182372
55079004700,4139,0.7731336071514858,97.31819280019329,0,0.024160425223483932,34741,4167.781155015197,8,2.370820668693009,89.1,2.066869300911854
55079005700,2579,72.93524621946491,18.805738658394727,6.3202791779759595,0.11632415664986429,68783,4108.814589665653,43.3,3.768996960486322,95.1,1.9452887537993921
55079006400,1923,0.9880395215808633,97.08788351534061,0.9880395215808633,0.052002080083203325,19441,2310.6382978723404,0.4,0.48632218844984804,94.7,1.580547112462006
55079007200,2813,63.31318876644152,20.54745822964806,11.731247778172769,0.8531816565943833,56579,5675.379939209726,49.8,4.6200607902735555,89.3,2.370820668693009
55079007400,4073,77.01939602258777,9.133316965381782,5.720599067026762,0.7365578197888534,95481,12788.449848024316,79.1,4.25531914893617,98.6,0.547112462006079
55079008400,984,0,86.89024390243902,4.776422764227642,0,19073,3566.565349544073,5.7,2.3100303951367778,90.1,3.221884498480243
55079008600,999,2.1021021021021022,96.09609609609609,0,1.6016016016016017,22227,5689.969604863222,10.2,4.498480243161095,90.2,3.161094224924012
55079009200,1740,25.57471264367816,59.54022988505747,7.528735632183908,0.8045977011494253,35057,4429.179331306991,21.2,3.525835866261398,86.4,4.316109422492401
55079186100,2006,10.568295114656031,75.37387836490528,2.8414755732801593,4.237288135593221,18484,1188.449848024316,4.9,2.5531914893617023,93.5,2.006079027355623
55079186400,1408,72.72727272727273,7.670454545454546,11.150568181818182,0.5681818181818182,11364,2660.790273556231,59.2,6.261398176291793,97.2,1.519756838905775
55079186500,1896,37.130801687763714,7.014767932489452,48.83966244725738,0.2109704641350211,40195,6175.075987841945,34,4.984802431610942,84.7,4.984802431610942
55079186900,2356,83.95585738539899,3.607809847198642,3.098471986417657,0,54710,2086.322188449848,74.6,3.2826747720364744,94.6,3.3434650455927053
55079009400,2514,75.69610182975337,11.813842482100238,9.705648369132856,0.6364359586316627,73556,8627.963525835867,56.9,5.167173252279635,91.4,2.9787234042553195
55079009600,2068,3.6750483558994196,57.73694390715667,12.379110251450676,1.2572533849129595,26816,2719.756838905775,3.7,1.6413373860182372,94.6,1.7021276595744679
55079011000,2671,73.9423436915013,12.766754024709847,5.353800074878323,2.545862972669412,35110,4412.158054711246,56.3,5.288753799392096,95.2,1.6413373860182372
55079002000,2506,4.509177972865124,88.46767757382283,0.4788507581803671,0,32823,2696.048632218845,13.1,3.3434650455927053,95.2,1.458966565349544
55079002200,1906,31.951731374606506,54.40713536201469,12.067156348373556,1.5739769150052465,32397,5604.255319148936,16.3,2.917933130699088,87.7,5.592705167173252
55079002300,3935,2.7954256670902162,94.2312579415502,2.337992376111817,0,30638,5030.395136778116,12.6,2.796352583586626,89.7,2.857142857142857
55079002800,2404,7.945091514143095,88.10316139767055,2.038269550748752,0,32000,6417.629179331307,4.3,1.762917933130699,92.3,2.2492401215805473
55079003000,4575,9.551912568306012,65.92349726775956,12.808743169398907,0.02185792349726776,45926,6737.993920972644,14.1,2.43161094224924,95.3,1.519756838905775
55079003300,5298,17.308418271045678,64.96791241978104,5.587013967534919,0,43281,2979.9392097264436,21,3.525835866261398,93.5,1.9452887537993921
55079004000,2670,7.715355805243446,86.06741573033707,1.198501872659176,0,27604,1965.3495440729482,15,5.1063829787234045,91.1,3.768996960486322
55079016600,1697,19.32822628167354,17.030053034767235,58.80966411314083,1.2374779021803182,25281,2750.1519756838907,10.3,2.796352583586626,83.1,4.316109422492401
55079017100,2943,13.965341488277268,0.6116207951070336,78.11756710839279,0.6455997281685355,38988,1677.8115501519756,7.6,1.7021276595744679,83.5,3.525835866261398
55079017200,2898,15.38992408557626,2.587991718426501,78.32988267770877,0,50995,3841.9452887537996,8.8,2.492401215805471,82.1,4.012158054711246
55079017600,2745,12.422586520947176,9.253187613843352,73.87978142076503,2.185792349726776,28259,3678.4194528875378,5.9,2.3100303951367778,78,3.951367781155015
55079017900,3014,72.69409422694095,2.4883875248838754,15.428002654280027,2.9197080291970803,58378,6420.668693009118,45.6,4.133738601823708,94,1.519756838905775
55079018300,2312,83.39100346020761,1.8166089965397925,10.380622837370241,0.6487889273356401,71159,2532.5227963525836,44.9,5.410334346504559,94.8,1.458966565349544
55079016100,3561,20.106711597865768,3.369839932603201,74.61387250772255,1.2356079752878404,40213,3494.8328267477204,3.6,1.3373860182370823,74.2,4.376899696048632
55079016400,4334,6.529764651592063,10.08306414397785,79.21089063221044,1.015228426395939,31968,2201.2158054711244,1.4,1.1550151975683889,79.3,3.5866261398176293
55079185500,1747,0.8586147681740126,91.70005724098455,0.5151688609044076,0,23906,2534.3465045592707,7.9,2.43161094224924,86.1,3.2826747720364744
55079185900,980,1.4285714285714286,73.46938775510205,0,0,54167,17598.176291793312,23.4,5.531914893617021,87.7,5.775075987841945
55079185400,1442,1.1095700416088765,86.82385575589458,0.624133148404993,0.8321775312066574,19600,6538.601823708206,8.8,3.100303951367781,92.6,3.2826747720364744
55079120203,3480,71.49425287356321,6.494252873563219,14.540229885057471,2.6436781609195403,52619,2874.164133738602,28.4,3.221884498480243,93.9,1.580547112462006
55079120502,5288,78.25264750378214,3.1580937972768535,8.32072617246596,0.35930408472012104,50513,3652.887537993921,30.1,3.708206686930091,93.2,2.5531914893617023
55079130100,4786,87.98579189302131,0.22983702465524447,7.877141663184288,0.27162557459256165,64375,11281.45896656535,44.3,3.951367781155015,96.1,1.1550151975683889
55079140100,3073,88.67556134070941,0.13016596160104132,4.555808656036446,0.5206638464041653,72188,6041.337386018237,54.4,3.525835866261398,97.4,1.094224924012158
55079150100,8718,78.59600825877494,1.4796971782518926,9.417297545308557,0.24088093599449414,70703,6665.045592705167,39.1,2.492401215805471,97.2,0.790273556231003
55079160100,6509,78.5681364264864,4.547549546781379,6.636964203410662,1.3519741895836535,58536,4479.0273556231,25.4,3.100303951367781,95.9,1.3373860182370823
55079160202,7222,78.92550540016616,1.1631127111603434,12.655774023816118,1.938521185267239,71133,5168.996960486322,23.8,2.735562310030395,92.2,2.127659574468085
55079170100,2634,81.81473044798786,4.176157934700076,11.275626423690206,1.1769172361427487,66905,7052.279635258358,32.4,3.951367781155015,94.3,3.221884498480243
55079170600,3604,75.19422863485016,2.802441731409545,12.541620421753606,0,46598,5354.407294832827,18.9,3.465045592705167,96.1,1.6413373860182372
55079170700,2784,72.73706896551724,4.418103448275862,19.612068965517242,0,56512,5262.613981762918,16.1,3.100303951367781,91.5,2.735562310030395
55079180400,2531,76.45199525879099,7.111813512445674,13.07783484788621,0.7111813512445674,49444,3786.0182370820667,15.9,2.613981762917933,95.9,1.458966565349544
55079001300,4261,9.57521708519127,65.47758742079324,5.256981929124619,0,40130,2481.4589665653493,12.4,3.161094224924012,88,4.194528875379939
55079001700,4858,14.409221902017292,69.06134211609717,4.0757513379991765,0.9880609304240429,43599,4339.209726443769,14,2.613981762917933,92.8,1.762917933130699
55079000302,3176,10.044080604534004,73.04785894206549,4.596977329974811,0,42016,4204.255319148936,18.9,3.03951367781155,88.7,2.3100303951367778
55079000304,3495,35.7653791130186,44.148783977110156,5.636623748211731,0,69514,7595.744680851064,33.9,4.5592705167173255,96.8,1.398176291793313
55079000502,5095,13.130520117762511,70.20608439646712,6.869479882237488,0,39222,1905.1671732522796,10.4,3.3434650455927053,93.5,1.8237082066869301
55079000800,4996,20.416333066453163,61.16893514811849,4.1633306645316255,0,37438,2778.723404255319,24.5,3.951367781155015,95.3,1.580547112462006
55079001000,3737,12.202301311212203,80.73320845598073,0.4013914905004014,0,28717,3273.5562310030396,9.4,2.006079027355623,95.1,1.458966565349544
55079100100,3736,63.142398286937905,8.725910064239828,24.544967880085654,0.4282655246252677,41568,4021.276595744681,18.9,2.857142857142857,90.7,2.796352583586626
55079100300,2605,73.16698656429942,0.8445297504798465,16.084452975047984,1.1132437619961613,42027,3158.0547112462004,21.2,4.984802431610942,95.6,1.884498480243161
55079101000,5157,71.9022687609075,12.487880550707775,9.579212720573977,0,50684,4460.182370820668,33.7,4.012158054711246,96.3,1.458966565349544
55079101500,4251,66.80780992707598,8.115737473535638,20.865678663843802,0.7527640555163491,50197,2429.1793313069907,18.6,2.492401215805471,88.9,2.492401215805471
55079101600,4184,78.75239005736138,4.1586998087954115,12.523900573613767,0,54112,3933.130699088146,19.8,3.465045592705167,95.7,1.580547112462006
55079120102,3922,85.39010708822029,1.3258541560428352,5.7368689444161145,0,80405,6084.498480243161,40.3,2.735562310030395,98,0.729483282674772
55079090200,1883,81.04089219330855,10.51513542219862,2.867764206054169,0,84676,3967.7811550151973,59,3.768996960486322,97,1.398176291793313
55079090700,3163,95.47897565602277,0,2.023395510591211,0,138403,4897.872340425532,81.1,2.370820668693009,99.1,0.547112462006079
55079090900,3981,84.95352926400402,6.003516704345642,3.8432554634513942,0,84706,7277.203647416413,57.2,3.6474164133738602,96.8,0.9118541033434651
55079091200,5153,78.90549194643897,4.502231709683679,2.79448864738987,0,57646,5291.793313069908,57.8,4.498480243161095,96.5,1.9452887537993921
55079070200,4944,88.26860841423948,3.2766990291262137,2.26537216828479,0,143529,9737.993920972644,82.2,2.857142857142857,97.8,1.458966565349544
55079080400,3274,74.12950519242517,3.0238240684178375,5.039706780696396,0.3665241295051924,46481,3716.7173252279636,62.6,3.951367781155015,95.9,1.2765957446808511
55079006000,2411,5.806719203649938,84.15595188718375,8.170883450850269,0.20738282870178348,27941,2663.8297872340427,12.3,2.796352583586626,92.2,1.8237082066869301
55079006100,2287,9.138609532138172,79.14298207258418,6.252732837778749,0.2186270222999563,34293,7890.577507598784,23.8,3.525835866261398,92.6,2.066869300911854
55079006500,2126,2.351834430856068,93.60301034807149,1.2699905926622765,0.658513640639699,20042,2852.2796352583587,7.4,1.884498480243161,89.9,1.762917933130699
55079006800,2327,3.6097980232058444,94.32746024924796,1.7189514396218306,0.21486892995272883,23047,3846.808510638298,5.6,1.580547112462006,89.6,2.3100303951367778
55079007000,3067,6.292794261493316,80.40430388001305,8.346918813172481,0.42386697098141507,24266,4968.996960486322,7.7,2.796352583586626,91.9,2.796352583586626
55079007300,2723,73.00771208226222,17.407271391847228,0.8079324274697025,2.6074182886522217,45625,6735.562310030395,69.7,5.288753799392096,97,1.2765957446808511
55079019700,5174,81.34905295709316,0.4445303440278315,15.172013915732508,0.6378044066486278,70194,7866.261398176292,27.8,3.951367781155015,94.6,2.43161094224924
55079019900,3886,65.36284096757592,4.992279979413278,23.77766340710242,1.1580030880082346,53141,4601.215805471124,19.2,2.857142857142857,92.7,2.2492401215805473
55079020400,3519,22.96106848536516,4.319408922989486,63.853367433930096,0,46005,2787.2340425531916,8.5,2.127659574468085,80.4,3.161094224924012
55079020600,3719,76.79483732186071,0.13444474321054048,16.590481312180692,1.2637805861790803,58589,2413.3738601823707,29.2,3.708206686930091,91.4,2.2492401215805473
55079020700,4486,82.96923762817654,2.1176995095853766,13.085153811859117,0.1560410164957646,64028,7149.544072948328,34.2,3.525835866261398,96.5,1.21580547112462
55079021200,2257,73.19450598139123,2.7913159060700043,17.855560478511297,0.4873726185201595,44938,6057.75075987842,15.2,2.6747720364741645,92.6,2.066869300911854
55079021700,6581,73.45388238869472,1.869016866737578,16.38048928734235,0.5470293268500228,61840,6776.29179331307,23.8,3.3434650455927053,87.6,3.4042553191489358
55079030100,4445,82.0697412823397,2.1147356580427448,2.5421822272215975,0.4499437570303712,97449,7242.553191489362,71.1,3.03951367781155,98.6,0.790273556231003
55079035200,4419,87.32744964924191,2.9644715999094817,2.5118805159538358,0,102695,6003.647416413374,72.7,3.100303951367781,99.2,0.364741641337386
55079060200,5898,68.12478806375043,18.463886063072227,4.730417090539166,0.5256018989487962,67275,5841.337386018237,45.8,4.012158054711246,91.8,3.4042553191489358
55079004100,2746,4.552075746540423,85.46977421704297,4.406409322651129,0,34333,5198.784194528876,18.3,3.5866261398176293,90.1,2.43161094224924
55079004300,4812,4.7797173732335825,89.63009143807149,1.3923524522028263,0.020781379883624274,30965,3926.4437689969604,21.9,5.47112462006079,90.6,2.857142857142857
55079004800,3801,4.419889502762431,91.44961852144172,2.1573270192054723,0,32246,4282.066869300912,7.1,2.5531914893617023,93.2,1.7021276595744679
55079005100,3296,10.558252427184467,80.91626213592232,3.671116504854369,0,28409,3429.1793313069907,11.7,4.194528875379939,89.7,3.5866261398176293
55079005300,2243,49.39812750780205,34.19527418635756,3.3437360677663843,0,54643,2426.747720364742,31.9,3.5866261398176293,94.7,1.458966565349544
55079005500,3429,71.88684747739866,13.065033537474482,9.41965587634879,0.4666083406240887,83269,7874.164133738602,39.6,4.316109422492401,99.7,0.24316109422492402
55079012500,2077,78.4785748675975,9.1478093403948,6.355320173326914,0.8184882041405874,70026,3577.5075987841947,50.1,4.498480243161095,95.4,1.2765957446808511
55079013000,1922,57.700312174817896,6.503642039542144,27.783558792924037,0.8324661810613944,44764,6643.768996960486,19.8,3.2826747720364744,90.1,2.492401215805471
55079013500,1848,21.807359307359306,64.6103896103896,7.62987012987013,0.27056277056277056,15503,1962.3100303951367,8.4,3.5866261398176293,88.1,3.2826747720364744
55079014400,2734,72.5676664228237,5.4864667154352595,7.717629846378932,0,65722,4054.711246200608,76.5,4.437689969604863,93.8,1.9452887537993921
55079014700,2969,61.4011451667228,17.61535870663523,8.858201414617717,0,8967,2699.0881458966564,50.1,7.477203647416414,92.7,2.3100303951367778
55079007800,3260,71.50306748466258,5.950920245398773,8.650306748466258,0.18404907975460122,35297,3243.768996960486,50.5,7.23404255319149,89.9,3.221884498480243
55079008500,1155,1.0389610389610389,98.008658008658,0.6060606060606061,0,23007,3149.5440729483284,10.7,3.951367781155015,95.2,1.519756838905775
55079009000,2341,4.015378043571124,81.71721486544212,0.34173430158052115,0.042716787697565144,26971,3367.7811550151973,6.9,2.9787234042553195,91,2.2492401215805473
55079018600,2709,20.22886674049465,4.282022886674049,66.11295681063123,0,37500,3953.7993920972644,7.5,2.066869300911854,87.7,2.9787234042553195
55079018800,1962,10.244648318042813,2.599388379204893,85.27013251783895,0,38750,8201.823708206686,8.2,2.6747720364741645,87.1,3.708206686930091
55079019200,3408,63.70305164319249,2.816901408450704,27.816901408450704,0.9389671361502347,56429,4471.732522796353,20,3.161094224924012,93.8,3.525835866261398
55079019400,4096,73.9501953125,2.9541015625,18.06640625,0.3662109375,53006,4144.072948328268,24.7,3.6474164133738602,96.3,1.3373860182370823
55079050102,6431,41.23775462603017,39.200746384699116,7.9769864717773284,1.1195770486705023,51472,2455.9270516717324,32.3,3.5866261398176293,96.9,1.2765957446808511
55079170300,2492,87.15890850722312,1.5248796147672552,9.390048154093098,0,52326,5297.26443768997,17.2,3.161094224924012,95.8,1.519756838905775
55079185300,3790,80.87071240105541,4.432717678100264,2.5857519788918206,0.158311345646438,64698,3405.471124620061,50.9,3.2826747720364744,97.3,1.2765957446808511
55079186800,1614,18.525402726146222,33.45724907063197,38.04213135068154,0.3097893432465923,16985,4162.310030395137,12.3,3.03951367781155,81.5,4.86322188449848
55079187400,3371,81.10353010975972,4.182735093444082,8.662118065855829,0.2373183031741323,85208,4573.252279635259,76.4,3.6474164133738602,94.5,2.2492401215805473
55079016300,4143,9.67897658701424,7.603186097031137,81.92131305817041,0.3620564808110065,31514,5479.0273556231,2.3,1.1550151975683889,80.1,2.9787234042553195
55079019000,4754,55.258729490954984,5.448043752629364,32.07824989482541,0.16827934371055953,63018,3607.9027355623098,20.6,2.492401215805471,88.4,2.735562310030395
55079021800,2346,61.892583120204606,7.033248081841432,19.99147485080989,1.278772378516624,47045,6492.401215805471,16.6,2.796352583586626,92.5,1.762917933130699
55079070300,4783,76.56282667781727,4.55780890654401,4.495086765628267,0.250888563662973,96140,4598.784194528876,68.9,2.796352583586626,95.6,1.1550151975683889
55079091100,4349,92.18211083007589,3.2421246263508854,1.95447229248103,0,105344,5021.884498480243,69.2,3.465045592705167,98.3,0.60790273556231
55079150301,5787,91.44634525660965,0.34560221185415585,1.9353723863832728,0.10368066355624676,80662,6002.431610942249,39.5,3.525835866261398,95.8,1.2765957446808511
55079003400,6160,29.87012987012987,54.02597402597402,2.5,2.7759740259740258,40183,4136.77811550152,27.6,4.498480243161095,92.8,1.884498480243161
55079007700,3515,82.13371266002845,2.418207681365576,7.59601706970128,0,35505,2907.598784194529,68.2,5.227963525835866,96.6,1.033434650455927
55079009900,1185,1.8565400843881856,95.0210970464135,1.8565400843881856,0,28667,4302.73556231003,8,2.5531914893617023,98.5,0.9726443768996961
55079012300,1132,12.014134275618375,74.73498233215548,11.57243816254417,0,25938,7525.835866261398,19.1,6.382978723404255,90.7,2.9787234042553195
55079001500,3605,13.730929264909847,54.285714285714285,6.907073509015256,0,32988,4215.197568389058,8.6,2.5531914893617023,90.7,2.6747720364741645
55079003500,3576,7.7460850111856825,82.5503355704698,2.2651006711409396,0.05592841163310962,50391,5601.215805471124,15.4,3.708206686930091,91.7,2.3100303951367778
55079004600,2550,2.3529411764705883,96.70588235294117,0.6274509803921569,0.3137254901960784,24673,5379.331306990882,8.2,2.796352583586626,93.2,2.5531914893617023
55079002100,2040,6.127450980392157,88.87254901960785,2.450980392156863,0,26250,2621.276595744681,7.4,2.3100303951367778,93,1.884498480243161
55079005200,1631,47.02636419374617,40.220723482526054,6.928264868179031,0,44375,13530.699088145897,25.3,4.072948328267477,95.7,1.762917933130699
55079006900,2840,3.8028169014084505,81.86619718309859,12.04225352112676,0,23534,3751.367781155015,3.1,1.094224924012158,96.2,0.9726443768996961
55079009100,2367,5.238698774820448,73.51077313054499,3.633291085762569,0,30417,8051.063829787234,12.3,3.525835866261398,89.1,2.5531914893617023
55079009700,1683,3.5056446821152702,33.92751039809863,6.951871657754011,0,31367,18711.854103343463,11.5,3.465045592705167,92.3,3.2826747720364744
55079012900,3308,61.517533252720675,6.771463119709795,27.418379685610642,0.9068923821039904,46949,7047.41641337386,25,4.194528875379939,90.7,2.3100303951367778
55079150304,4441,83.7874352623283,2.5895068678225623,3.5802747129024994,0.5629362756136005,66563,4440.121580547112,45.2,3.768996960486322,95.7,1.398176291793313
55079185100,4655,79.52738990332975,1.9763694951664876,11.664876476906553,0,41029,3438.905775075988,38.4,4.133738601823708,91.5,2.857142857142857
55079187000,3499,81.65190054301229,4.744212632180623,5.973135181480423,0.685910260074307,59160,1778.115501519757,73.4,4.133738601823708,92.9,2.613981762917933
55079015800,2564,13.299531981279252,11.934477379095163,72.42589703588143,0.39001560062402496,23092,3541.033434650456,5.5,1.6413373860182372,72.4,4.25531914893617
55079018000,2967,74.68823727671048,1.9548365352207617,14.290529154027638,0.741489720256151,53311,7401.215805471124,40.9,4.376899696048632,94.1,1.7021276595744679
55079021000,2181,70.79321412196241,1.696469509399358,13.571756075194864,3.1636863823933976,64097,5744.072948328268,30,3.465045592705167,91.8,2.735562310030395
55079080300,3772,91.46341463414635,1.882290562036055,2.1739130434782608,0,142644,11650.455927051671,87.3,2.188449848024316,98.7,0.790273556231003
55079100200,4159,62.03414282279394,6.708343351767252,18.08126953594614,3.582591969223371,43906,3672.3404255319147,18.6,2.9787234042553195,88,2.735562310030395
55079101300,2715,85.89318600368324,5.082872928176796,6.077348066298343,0.3683241252302026,51288,6516.717325227964,18.2,2.6747720364741645,98.3,0.729483282674772
55079070100,4312,92.67161410018552,0.6261595547309833,2.481447124304267,0.34786641929499074,116932,10859.574468085106,75.3,3.221884498480243,99.2,0.42553191489361697
55079013400,2173,14.450069028992177,44.27059364933272,20.20248504371836,0.04601932811780948,19766,3871.12462006079,3.1,1.2765957446808511,93.6,2.492401215805471
55079091000,4825,84.80829015544042,7.274611398963731,4.103626943005182,0.14507772020725387,86372,1741.033434650456,70.1,3.161094224924012,98.4,0.6686930091185411
55079100800,2882,89.10478834142957,1.3532269257460097,4.788341429562804,0,62238,2658.966565349544,29.6,3.3434650455927053,98.4,0.9118541033434651
55079110100,4173,51.18619698058951,13.539420081476155,30.313922837287322,0.958543014617781,38235,3106.9908814589667,19.4,3.03951367781155,86.7,3.2826747720364744
55079120400,6675,73.13857677902622,6.51685393258427,12.719101123595506,0.7191011235955056,54671,3443.161094224924,23.3,3.465045592705167,96.2,1.033434650455927
55079007600,3612,85.90808416389812,4.568106312292358,4.069767441860465,0,54883,4093.0091185410333,61.5,4.5592705167173255,95.8,2.370820668693009
55079013700,1402,15.049928673323823,72.89586305278173,4.70756062767475,0,16629,1453.4954407294833,10.8,3.100303951367781,81,3.4042553191489358
55079000600,7005,24.325481798715202,57.558886509635975,1.6845110635260527,0.08565310492505353,46477,5942.24924012158,14.3,3.100303951367781,92.6,1.9452887537993921
55079100900,3981,66.54107008289374,8.389851796031149,9.520221049987441,0.37678975131876413,48068,6917.325227963525,30.4,3.8905775075987843,97.1,0.8510638297872339
55079021400,3472,38.91129032258065,14.660138248847927,36.31912442396313,0.48963133640552997,26477,2570.820668693009,11.5,2.613981762917933,82.9,3.829787234042553
55079120202,3008,80.5186170212766,1.961436170212766,15.824468085106384,0,46984,2228.5714285714284,25.7,3.465045592705167,94.9,1.884498480243161
55079185200,4854,83.72476308199423,2.3279769262463947,10.053564070869387,0.30902348578491967,46491,5252.887537993921,27,3.6474164133738602,91.8,2.2492401215805473
55079000201,5561,13.019241143679194,59.79140442366481,20.176227297248698,0,28980,4465.65349544073,13,2.9787234042553195,84.5,3.708206686930091
55079006600,2095,1.6706443914081146,92.55369928400955,3.9618138424821003,0,22714,4368.996960486322,9.6,3.829787234042553,88.1,2.735562310030395
55079040100,1479,76.80865449628128,10.61528059499662,1.555104800540906,0.2028397565922921,160417,11274.1641337386,75.7,3.3434650455927053,98.4,0.790273556231003
55079015900,3460,15.404624277456648,14.364161849710984,67.34104046242774,2.4277456647398843,23719,2404.8632218844987,5.1,1.458966565349544,74.1,3.5866261398176293
55079018100,1745,90.20057306590257,0.5157593123209169,5.2722063037249285,0.40114613180515757,65673,4146.504559270516,52.1,4.194528875379939,96.1,1.6413373860182372
55079019100,3923,51.771603364771856,6.398164669895488,35.916390517461124,0,45284,8779.939209726444,29.7,3.100303951367781,92,2.796352583586626
55079020100,4056,34.22090729783037,7.075936883629192,53.180473372781066,0.5424063116370809,41563,2257.1428571428573,19.3,4.072948328267477,90.1,3.161094224924012
55079014900,1334,32.083958020989506,41.00449775112444,20.539730134932533,0,19340,2243.768996960486,23.1,4.924012158054711,83.1,3.525835866261398
55079006300,2412,1.658374792703151,92.33001658374793,2.197346600331675,0,23825,3385.4103343465044,4.5,1.762917933130699,90,2.188449848024316
